what,kind,bundleId,bundleVersion,description,time
activated,view,org.eclipse.jdt.ui,3.5.2.r352_v20100106-0800,"org.eclipse.jdt.ui.PackageExplorer",1286078173421
activated,editor,org.eclipse.ui.editors,3.5.0.v20090527-2000,"org.eclipse.ui.DefaultTextEditor",1286078173602
activated,view,org.eclipse.jdt.ui,3.5.2.r352_v20100106-0800,"org.eclipse.jdt.ui.PackageExplorer",1286078176555
activated,editor,org.eclipse.ui.editors,3.5.0.v20090527-2000,"org.eclipse.ui.DefaultTextEditor",1286078177837
activated,view,org.eclipse.jdt.ui,3.5.2.r352_v20100106-0800,"org.eclipse.jdt.ui.PackageExplorer",1286078180237
activated,editor,org.eclipse.ui.editors,3.5.0.v20090527-2000,"org.eclipse.ui.DefaultTextEditor",1286078180453
deactivated,workbench,org.eclipse.ui.workbench,3.5.2.M20100113-0800,"",1286078182674
activated,workbench,org.eclipse.ui.workbench,3.5.2.M20100113-0800,"",1286078197205
activated,editor,org.eclipse.jdt.ui,3.5.2.r352_v20100106-0800,"org.eclipse.jdt.ui.CompilationUnitEditor",1286078206448
activated,editor,org.eclipse.jdt.ui,3.5.2.r352_v20100106-0800,"org.eclipse.jdt.ui.CompilationUnitEditor",1286078207412
deactivated,workbench,org.eclipse.ui.workbench,3.5.2.M20100113-0800,"",1286078212508
activated,workbench,org.eclipse.ui.workbench,3.5.2.M20100113-0800,"",1286078228726
activated,view,org.eclipse.jdt.ui,3.5.2.r352_v20100106-0800,"org.eclipse.jdt.ui.PackageExplorer",1286078230790
activated,editor,org.eclipse.jdt.ui,3.5.2.r352_v20100106-0800,"org.eclipse.jdt.ui.CompilationUnitEditor",1286078233429
activated,view,org.eclipse.jdt.ui,3.5.2.r352_v20100106-0800,"org.eclipse.jdt.ui.PackageExplorer",1286078235120
activated,editor,org.eclipse.jdt.ui,3.5.2.r352_v20100106-0800,"org.eclipse.jdt.ui.CompilationUnitEditor",1286078235309
activated,view,org.eclipse.jdt.ui,3.5.2.r352_v20100106-0800,"org.eclipse.jdt.ui.PackageExplorer",1286078236070
activated,editor,org.eclipse.ui.editors,3.5.0.v20090527-2000,"org.eclipse.ui.DefaultTextEditor",1286078236240
deactivated,workbench,org.eclipse.ui.workbench,3.5.2.M20100113-0800,"",1286078248237
activated,workbench,org.eclipse.ui.workbench,3.5.2.M20100113-0800,"",1286078272576
executed,command,org.eclipse.ui,3.5.2.M20100120-0800,"org.eclipse.ui.edit.paste",1286078274040
executed,command,org.eclipse.ui,3.5.2.M20100120-0800,"org.eclipse.ui.edit.copy",1286078279263
executed,command,org.eclipse.ui,3.5.2.M20100120-0800,"org.eclipse.ui.edit.paste",1286078281639
executed,command,org.eclipse.ui,3.5.2.M20100120-0800,"org.eclipse.ui.edit.copy",1286078283564
executed,command,org.eclipse.ui,3.5.2.M20100120-0800,"org.eclipse.ui.edit.paste",1286078285545
executed,command,org.eclipse.ui,3.5.2.M20100120-0800,"org.eclipse.ui.edit.delete",1286078286117
executed,command,org.eclipse.ui,3.5.2.M20100120-0800,"org.eclipse.ui.edit.delete",1286078286656
executed,command,org.eclipse.ui,3.5.2.M20100120-0800,"org.eclipse.ui.edit.delete",1286078286755
executed,command,org.eclipse.ui,3.5.2.M20100120-0800,"org.eclipse.ui.edit.delete",1286078286855
executed,command,org.eclipse.ui,3.5.2.M20100120-0800,"org.eclipse.ui.edit.delete",1286078286955
executed,command,org.eclipse.ui,3.5.2.M20100120-0800,"org.eclipse.ui.edit.delete",1286078287054
executed,command,org.eclipse.ui,3.5.2.M20100120-0800,"org.eclipse.ui.edit.delete",1286078287154
executed,command,org.eclipse.ui,3.5.2.M20100120-0800,"org.eclipse.ui.edit.delete",1286078287253
executed,command,org.eclipse.ui,3.5.2.M20100120-0800,"org.eclipse.ui.edit.delete",1286078287353
executed,command,org.eclipse.ui,3.5.2.M20100120-0800,"org.eclipse.ui.edit.delete",1286078287452
executed,command,org.eclipse.ui,3.5.2.M20100120-0800,"org.eclipse.ui.edit.delete",1286078287552
executed,command,org.eclipse.ui,3.5.2.M20100120-0800,"org.eclipse.ui.edit.delete",1286078287651
executed,command,org.eclipse.ui,3.5.2.M20100120-0800,"org.eclipse.ui.edit.delete",1286078287751
executed,command,org.eclipse.ui,3.5.2.M20100120-0800,"org.eclipse.ui.edit.delete",1286078287851
executed,command,org.eclipse.ui,3.5.2.M20100120-0800,"org.eclipse.ui.edit.delete",1286078287950
executed,command,org.eclipse.ui,3.5.2.M20100120-0800,"org.eclipse.ui.edit.delete",1286078288050
executed,command,org.eclipse.ui,3.5.2.M20100120-0800,"org.eclipse.ui.edit.delete",1286078288149
executed,command,org.eclipse.ui,3.5.2.M20100120-0800,"org.eclipse.ui.edit.delete",1286078288249
executed,command,org.eclipse.ui,3.5.2.M20100120-0800,"org.eclipse.ui.edit.delete",1286078288348
executed,command,org.eclipse.ui,3.5.2.M20100120-0800,"org.eclipse.ui.edit.delete",1286078288448
executed,command,org.eclipse.ui,3.5.2.M20100120-0800,"org.eclipse.ui.edit.delete",1286078288609
executed,command,org.eclipse.ui,3.5.2.M20100120-0800,"org.eclipse.ui.edit.delete",1286078288778
executed,command,org.eclipse.ui,3.5.2.M20100120-0800,"org.eclipse.ui.edit.delete",1286078289194
executed,command,org.eclipse.ui,3.5.2.M20100120-0800,"org.eclipse.ui.file.save",1286078290445
executed,command,org.eclipse.ui,3.5.2.M20100120-0800,"org.eclipse.ui.file.save",1286078295605
activated,view,org.eclipse.jdt.ui,3.5.2.r352_v20100106-0800,"org.eclipse.jdt.ui.PackageExplorer",1286078304599
activated,editor,org.eclipse.jdt.ui,3.5.2.r352_v20100106-0800,"org.eclipse.jdt.ui.CompilationUnitEditor",1286078306447
activated,view,org.eclipse.jdt.ui,3.5.2.r352_v20100106-0800,"org.eclipse.jdt.ui.PackageExplorer",1286078315435
activated,editor,org.eclipse.ui.editors,3.5.0.v20090527-2000,"org.eclipse.ui.DefaultTextEditor",1286078315580
deactivated,workbench,org.eclipse.ui.workbench,3.5.2.M20100113-0800,"",1286078341253
activated,workbench,org.eclipse.ui.workbench,3.5.2.M20100113-0800,"",1286078342483
activated,editor,org.eclipse.jdt.ui,3.5.2.r352_v20100106-0800,"org.eclipse.jdt.ui.CompilationUnitEditor",1286078368636
activated,editor,org.eclipse.jdt.ui,3.5.2.r352_v20100106-0800,"org.eclipse.jdt.ui.CompilationUnitEditor",1286078385321
activated,editor,org.eclipse.jdt.ui,3.5.2.r352_v20100106-0800,"org.eclipse.jdt.ui.CompilationUnitEditor",1286078415788
activated,view,org.eclipse.jdt.ui,3.5.2.r352_v20100106-0800,"org.eclipse.jdt.ui.PackageExplorer",1286078424966
opened,editor,org.eclipse.jdt.ui,3.5.2.r352_v20100106-0800,"org.eclipse.jdt.ui.CompilationUnitEditor",1286078425122
activated,editor,org.eclipse.jdt.ui,3.5.2.r352_v20100106-0800,"org.eclipse.jdt.ui.CompilationUnitEditor",1286078425144
activated,view,org.eclipse.jdt.ui,3.5.2.r352_v20100106-0800,"org.eclipse.jdt.ui.PackageExplorer",1286078430674
activated,editor,org.eclipse.jdt.ui,3.5.2.r352_v20100106-0800,"org.eclipse.jdt.ui.CompilationUnitEditor",1286078430812
executed,command,org.eclipse.ui,3.5.2.M20100120-0800,"org.eclipse.ui.edit.copy",1286078456776
activated,editor,org.eclipse.jdt.ui,3.5.2.r352_v20100106-0800,"org.eclipse.jdt.ui.CompilationUnitEditor",1286078465012
deactivated,workbench,org.eclipse.ui.workbench,3.5.2.M20100113-0800,"",1286078471141
activated,workbench,org.eclipse.ui.workbench,3.5.2.M20100113-0800,"",1286078482471
activated,view,org.eclipse.jdt.ui,3.5.2.r352_v20100106-0800,"org.eclipse.jdt.ui.PackageExplorer",1286078482483
activated,editor,org.eclipse.jdt.ui,3.5.2.r352_v20100106-0800,"org.eclipse.jdt.ui.CompilationUnitEditor",1286078493404
executed,command,org.eclipse.ui,3.5.2.M20100120-0800,"org.eclipse.ui.file.save",1286078533791
deactivated,workbench,org.eclipse.ui.workbench,3.5.2.M20100113-0800,"",1286078534065
activated,workbench,org.eclipse.ui.workbench,3.5.2.M20100113-0800,"",1286078535474
executed,command,org.eclipse.ui,3.5.2.M20100120-0800,"org.eclipse.ui.edit.delete",1286078557993
executed,command,org.eclipse.ui,3.5.2.M20100120-0800,"org.eclipse.ui.edit.delete",1286078558639
executed,command,org.eclipse.ui,3.5.2.M20100120-0800,"org.eclipse.ui.edit.delete",1286078558801
executed,command,org.eclipse.ui,3.5.2.M20100120-0800,"org.eclipse.ui.edit.delete",1286078558962
executed,command,org.eclipse.ui,3.5.2.M20100120-0800,"org.eclipse.ui.edit.delete",1286078559131
executed,command,org.eclipse.ui,3.5.2.M20100120-0800,"org.eclipse.ui.file.save",1286078563006
activated,view,org.eclipse.ui.ide,3.5.2.M20100113-0800,"org.eclipse.ui.views.ProblemView",1286078565726
activated,editor,org.eclipse.jdt.ui,3.5.2.r352_v20100106-0800,"org.eclipse.jdt.ui.CompilationUnitEditor",1286078566735
executed,command,org.eclipse.ui,3.5.2.M20100120-0800,"org.eclipse.ui.edit.copy",1286078569017
executed,command,org.eclipse.ui,3.5.2.M20100120-0800,"org.eclipse.ui.edit.paste",1286078570298
activated,view,org.eclipse.ui.ide,3.5.2.M20100113-0800,"org.eclipse.ui.views.ProblemView",1286078572123
activated,editor,org.eclipse.jdt.ui,3.5.2.r352_v20100106-0800,"org.eclipse.jdt.ui.CompilationUnitEditor",1286078572252
executed,command,org.eclipse.ui,3.5.2.M20100120-0800,"org.eclipse.ui.edit.paste",1286078573005
activated,view,org.eclipse.ui.ide,3.5.2.M20100113-0800,"org.eclipse.ui.views.ProblemView",1286078573769
activated,editor,org.eclipse.jdt.ui,3.5.2.r352_v20100106-0800,"org.eclipse.jdt.ui.CompilationUnitEditor",1286078573896
executed,command,org.eclipse.ui,3.5.2.M20100120-0800,"org.eclipse.ui.edit.paste",1286078574726
activated,view,org.eclipse.ui.ide,3.5.2.M20100113-0800,"org.eclipse.ui.views.ProblemView",1286078576083
activated,editor,org.eclipse.jdt.ui,3.5.2.r352_v20100106-0800,"org.eclipse.jdt.ui.CompilationUnitEditor",1286078576351
executed,command,org.eclipse.ui,3.5.2.M20100120-0800,"org.eclipse.ui.edit.copy",1286078578861
executed,command,org.eclipse.ui,3.5.2.M20100120-0800,"org.eclipse.ui.file.save",1286078582401
executed,command,org.eclipse.ui,3.5.2.M20100120-0800,"org.eclipse.ui.edit.paste",1286078583590
executed,command,org.eclipse.ui,3.5.2.M20100120-0800,"org.eclipse.ui.file.save",1286078584656
activated,view,org.eclipse.ui.ide,3.5.2.M20100113-0800,"org.eclipse.ui.views.ProblemView",1286078613978
activated,editor,org.eclipse.jdt.ui,3.5.2.r352_v20100106-0800,"org.eclipse.jdt.ui.CompilationUnitEditor",1286078614107
executed,command,org.eclipse.ui,3.5.2.M20100120-0800,"org.eclipse.ui.edit.copy",1286078628429
activated,editor,org.eclipse.jdt.ui,3.5.2.r352_v20100106-0800,"org.eclipse.jdt.ui.CompilationUnitEditor",1286078629765
executed,command,org.eclipse.ui,3.5.2.M20100120-0800,"org.eclipse.ui.edit.paste",1286078637159
executed,command,org.eclipse.ui,3.5.2.M20100120-0800,"org.eclipse.ui.file.save",1286078638776
executed,command,org.eclipse.ui,3.5.2.M20100120-0800,"org.eclipse.ui.edit.paste",1286078644582
executed,command,org.eclipse.ui,3.5.2.M20100120-0800,"org.eclipse.ui.file.save",1286078646223
executed,command,org.eclipse.ui,3.5.2.M20100120-0800,"org.eclipse.ui.edit.paste",1286078667702
executed,command,org.eclipse.ui,3.5.2.M20100120-0800,"org.eclipse.ui.file.save",1286078670662
activated,view,org.eclipse.ui.ide,3.5.2.M20100113-0800,"org.eclipse.ui.views.ProblemView",1286078674719
activated,editor,org.eclipse.jdt.ui,3.5.2.r352_v20100106-0800,"org.eclipse.jdt.ui.CompilationUnitEditor",1286078674859
executed,command,,,"AUTOGEN:::org.eclipse.jdt.internal.ui.CompilationUnitEditor.ruler.actions/org.eclipse.jdt.internal.ui.javaeditor.JavaSelectRulerAction",1286078676662
executed,command,org.eclipse.ui,3.5.2.M20100120-0800,"org.eclipse.ui.file.save",1286078697600
activated,view,org.eclipse.ui.ide,3.5.2.M20100113-0800,"org.eclipse.ui.views.ProblemView",1286078699587
activated,editor,org.eclipse.jdt.ui,3.5.2.r352_v20100106-0800,"org.eclipse.jdt.ui.CompilationUnitEditor",1286078699737
activated,view,org.eclipse.ui.ide,3.5.2.M20100113-0800,"org.eclipse.ui.views.ProblemView",1286078703604
activated,editor,org.eclipse.jdt.ui,3.5.2.r352_v20100106-0800,"org.eclipse.jdt.ui.CompilationUnitEditor",1286078703745
deactivated,workbench,org.eclipse.ui.workbench,3.5.2.M20100113-0800,"",1286078709235
activated,workbench,org.eclipse.ui.workbench,3.5.2.M20100113-0800,"",1286078749358
deactivated,workbench,org.eclipse.ui.workbench,3.5.2.M20100113-0800,"",1286078750236
activated,workbench,org.eclipse.ui.workbench,3.5.2.M20100113-0800,"",1286078927617
activated,editor,org.eclipse.jdt.ui,3.5.2.r352_v20100106-0800,"org.eclipse.jdt.ui.CompilationUnitEditor",1286078931659
executed,command,org.eclipse.ui,3.5.2.M20100120-0800,"org.eclipse.ui.edit.copy",1286078946766
deactivated,workbench,org.eclipse.ui.workbench,3.5.2.M20100113-0800,"",1286078955605
activated,workbench,org.eclipse.ui.workbench,3.5.2.M20100113-0800,"",1286078955772
started,bundle,org.eclipse.help.base,3.4.0.v201002111343,"org.eclipse.help.base",1286078955798
started,bundle,org.eclipse.help.ui,3.4.1.v20090819_35x,"org.eclipse.help.ui",1286078955806
started,bundle,org.eclipse.equinox.http.jetty,2.0.0.v20090520-1800,"org.eclipse.equinox.http.jetty",1286078955880
started,bundle,org.eclipse.equinox.http.servlet,1.0.200.v20090520-1800,"org.eclipse.equinox.http.servlet",1286078955923
started,bundle,org.eclipse.equinox.http.registry,1.0.200.v20090520-1800,"org.eclipse.equinox.http.registry",1286078956057
started,bundle,org.eclipse.ui.browser,3.2.301.v20091215_35x,"org.eclipse.ui.browser",1286078956071
deactivated,workbench,org.eclipse.ui.workbench,3.5.2.M20100113-0800,"",1286078956254
activated,workbench,org.eclipse.ui.workbench,3.5.2.M20100113-0800,"",1286078967265
activated,editor,org.eclipse.jdt.ui,3.5.2.r352_v20100106-0800,"org.eclipse.jdt.ui.CompilationUnitEditor",1286078967338
executed,command,org.eclipse.ui,3.5.2.M20100120-0800,"org.eclipse.ui.edit.paste",1286078969986
executed,command,org.eclipse.ui,3.5.2.M20100120-0800,"org.eclipse.ui.edit.copy",1286078972085
executed,command,org.eclipse.ui,3.5.2.M20100120-0800,"org.eclipse.ui.edit.paste",1286078973211
executed,command,org.eclipse.ui,3.5.2.M20100120-0800,"org.eclipse.ui.edit.paste",1286078974991
executed,command,org.eclipse.ui,3.5.2.M20100120-0800,"org.eclipse.ui.file.save",1286078978348
activated,editor,org.eclipse.jdt.ui,3.5.2.r352_v20100106-0800,"org.eclipse.jdt.ui.CompilationUnitEditor",1286078990373
activated,editor,org.eclipse.jdt.ui,3.5.2.r352_v20100106-0800,"org.eclipse.jdt.ui.CompilationUnitEditor",1286078994333
executed,command,org.eclipse.ui,3.5.2.M20100120-0800,"org.eclipse.ui.file.save",1286079007765
executed,command,org.eclipse.ui,3.5.2.M20100120-0800,"org.eclipse.ui.edit.copy",1286079009705
executed,command,org.eclipse.ui,3.5.2.M20100120-0800,"org.eclipse.ui.edit.paste",1286079010605
executed,command,org.eclipse.ui,3.5.2.M20100120-0800,"org.eclipse.ui.file.save",1286079011458
activated,editor,org.eclipse.jdt.ui,3.5.2.r352_v20100106-0800,"org.eclipse.jdt.ui.CompilationUnitEditor",1286079041854
deactivated,workbench,org.eclipse.ui.workbench,3.5.2.M20100113-0800,"",1286079068526
activated,workbench,org.eclipse.ui.workbench,3.5.2.M20100113-0800,"",1286079144626
deactivated,workbench,org.eclipse.ui.workbench,3.5.2.M20100113-0800,"",1286079160983
activated,workbench,org.eclipse.ui.workbench,3.5.2.M20100113-0800,"",1286079215654
activated,editor,org.eclipse.ui.editors,3.5.0.v20090527-2000,"org.eclipse.ui.DefaultTextEditor",1286079215759
activated,view,org.eclipse.jdt.ui,3.5.2.r352_v20100106-0800,"org.eclipse.jdt.ui.PackageExplorer",1286079221183
activated,editor,org.eclipse.jdt.ui,3.5.2.r352_v20100106-0800,"org.eclipse.jdt.ui.CompilationUnitEditor",1286079226269
activated,view,org.eclipse.jdt.ui,3.5.2.r352_v20100106-0800,"org.eclipse.jdt.ui.PackageExplorer",1286079243881
activated,editor,org.eclipse.jdt.ui,3.5.2.r352_v20100106-0800,"org.eclipse.jdt.ui.CompilationUnitEditor",1286079244032
activated,editor,org.eclipse.jdt.ui,3.5.2.r352_v20100106-0800,"org.eclipse.jdt.ui.CompilationUnitEditor",1286079276141
activated,view,org.eclipse.jdt.ui,3.5.2.r352_v20100106-0800,"org.eclipse.jdt.ui.PackageExplorer",1286079291242
activated,editor,org.eclipse.jdt.ui,3.5.2.r352_v20100106-0800,"org.eclipse.jdt.ui.CompilationUnitEditor",1286079291391
activated,editor,org.eclipse.jdt.ui,3.5.2.r352_v20100106-0800,"org.eclipse.jdt.ui.CompilationUnitEditor",1286079305916
activated,view,org.eclipse.jdt.ui,3.5.2.r352_v20100106-0800,"org.eclipse.jdt.ui.PackageExplorer",1286079308285
activated,editor,org.eclipse.jdt.ui,3.5.2.r352_v20100106-0800,"org.eclipse.jdt.ui.CompilationUnitEditor",1286079308680
deactivated,workbench,org.eclipse.ui.workbench,3.5.2.M20100113-0800,"",1286079311759
activated,workbench,org.eclipse.ui.workbench,3.5.2.M20100113-0800,"",1286079314850
activated,editor,org.eclipse.jdt.ui,3.5.2.r352_v20100106-0800,"org.eclipse.jdt.ui.CompilationUnitEditor",1286079314859
activated,editor,org.eclipse.jdt.ui,3.5.2.r352_v20100106-0800,"org.eclipse.jdt.ui.CompilationUnitEditor",1286079316153
activated,view,org.eclipse.jdt.ui,3.5.2.r352_v20100106-0800,"org.eclipse.jdt.ui.PackageExplorer",1286079343047
activated,editor,org.eclipse.jdt.ui,3.5.2.r352_v20100106-0800,"org.eclipse.jdt.ui.CompilationUnitEditor",1286079343194
activated,view,org.eclipse.jdt.ui,3.5.2.r352_v20100106-0800,"org.eclipse.jdt.ui.PackageExplorer",1286079378071
activated,editor,org.eclipse.jdt.ui,3.5.2.r352_v20100106-0800,"org.eclipse.jdt.ui.CompilationUnitEditor",1286079379407
activated,view,org.eclipse.jdt.ui,3.5.2.r352_v20100106-0800,"org.eclipse.jdt.ui.PackageExplorer",1286079380435
activated,editor,org.eclipse.jdt.ui,3.5.2.r352_v20100106-0800,"org.eclipse.jdt.ui.CompilationUnitEditor",1286079380591
activated,view,org.eclipse.jdt.ui,3.5.2.r352_v20100106-0800,"org.eclipse.jdt.ui.PackageExplorer",1286079382401
activated,editor,org.eclipse.ui.editors,3.5.0.v20090527-2000,"org.eclipse.ui.DefaultTextEditor",1286079382557
activated,view,org.eclipse.jdt.ui,3.5.2.r352_v20100106-0800,"org.eclipse.jdt.ui.PackageExplorer",1286079386126
activated,editor,org.eclipse.jdt.ui,3.5.2.r352_v20100106-0800,"org.eclipse.jdt.ui.CompilationUnitEditor",1286079386315
executed,command,org.eclipse.ui,3.5.2.M20100120-0800,"org.eclipse.ui.file.save",1286079397702
executed,command,org.eclipse.ui,3.5.2.M20100120-0800,"org.eclipse.ui.edit.copy",1286079419905
executed,command,org.eclipse.ui,3.5.2.M20100120-0800,"org.eclipse.ui.edit.paste",1286079420941
executed,command,org.eclipse.ui,3.5.2.M20100120-0800,"org.eclipse.ui.file.save",1286079421833
executed,command,org.eclipse.ui,3.5.2.M20100120-0800,"org.eclipse.ui.file.save",1286079436123
deactivated,workbench,org.eclipse.ui.workbench,3.5.2.M20100113-0800,"",1286079439505
activated,workbench,org.eclipse.ui.workbench,3.5.2.M20100113-0800,"",1286079440702
deactivated,workbench,org.eclipse.ui.workbench,3.5.2.M20100113-0800,"",1286079454895
deactivated,workbench,org.eclipse.ui.workbench,3.5.2.M20100113-0800,"",1286079455387
deactivated,workbench,org.eclipse.ui.workbench,3.5.2.M20100113-0800,"",1286079455782
deactivated,workbench,org.eclipse.ui.workbench,3.5.2.M20100113-0800,"",1286079456581
deactivated,workbench,org.eclipse.ui.workbench,3.5.2.M20100113-0800,"",1286079498565
deactivated,workbench,org.eclipse.ui.workbench,3.5.2.M20100113-0800,"",1286082208858
deactivated,workbench,org.eclipse.ui.workbench,3.5.2.M20100113-0800,"",1286082210552
deactivated,workbench,org.eclipse.ui.workbench,3.5.2.M20100113-0800,"",1286082212211
deactivated,workbench,org.eclipse.ui.workbench,3.5.2.M20100113-0800,"",1286082214166
deactivated,workbench,org.eclipse.ui.workbench,3.5.2.M20100113-0800,"",1286082215944
deactivated,workbench,org.eclipse.ui.workbench,3.5.2.M20100113-0800,"",1286082216600
activated,workbench,org.eclipse.ui.workbench,3.5.2.M20100113-0800,"",1286082219657
deactivated,workbench,org.eclipse.ui.workbench,3.5.2.M20100113-0800,"",1286082223970
activated,workbench,org.eclipse.ui.workbench,3.5.2.M20100113-0800,"",1286082225019
closed,workbench,org.eclipse.ui.workbench,3.5.2.M20100113-0800,"",1286082225169
stopped,bundle,org.eclipse.mylyn.ide.ant,3.2.3.v20100217-0100-e3x,"org.eclipse.mylyn.ide.ant",1286082225355
stopped,bundle,org.eclipse.ant.ui,3.4.2.v20091204_r352,"org.eclipse.ant.ui",1286082225356
stopped,bundle,org.eclipse.compare.win32,1.0.0.I20090430-0408,"org.eclipse.compare.win32",1286082225357
stopped,bundle,org.eclipse.mylyn.java.tasks,3.2.3.v20100217-0100-e3x,"org.eclipse.mylyn.java.tasks",1286082225357
stopped,bundle,org.eclipse.mylyn.java.ui,3.2.3.v20100217-0100-e3x,"org.eclipse.mylyn.java.ui",1286082225357
stopped,bundle,com.android.ide.eclipse.adt,0.9.7.v201005071157-36220,"com.android.ide.eclipse.adt",1286082225357
stopped,bundle,org.eclipse.jdt.junit,3.5.2.r352_v20100113-0800,"org.eclipse.jdt.junit",1286082225357
stopped,bundle,org.eclipse.jdt.apt.ui,3.3.200.v20090930-2100_R35x,"org.eclipse.jdt.apt.ui",1286082225358
stopped,bundle,org.eclipse.jdt.debug.ui,3.4.1.v20090811_r351,"org.eclipse.jdt.debug.ui",1286082225358
stopped,bundle,org.eclipse.jdt.ui,3.5.2.r352_v20100106-0800,"org.eclipse.jdt.ui",1286082225373
stopped,bundle,org.eclipse.mylyn.bugzilla.ui,3.2.3.v20100217-0100-e3x,"org.eclipse.mylyn.bugzilla.ui",1286082225373
stopped,bundle,org.eclipse.mylyn.ide.ui,3.2.3.v20100217-0100-e3x,"org.eclipse.mylyn.ide.ui",1286082225373
stopped,bundle,org.eclipse.mylyn.team.ui,3.2.3.v20100217-0100-e3x,"org.eclipse.mylyn.team.ui",1286082225373
stopped,bundle,org.eclipse.mylyn.resources.ui,3.2.3.v20100217-0100-e3x,"org.eclipse.mylyn.resources.ui",1286082225374
stopped,bundle,org.eclipse.mylyn.wikitext.tasks.ui,1.1.3.v20100217-0100-e3x,"org.eclipse.mylyn.wikitext.tasks.ui",1286082225374
stopped,bundle,org.eclipse.mylyn.context.ui,3.2.3.v20100217-0100-e3x,"org.eclipse.mylyn.context.ui",1286082225374
stopped,bundle,org.eclipse.mylyn.help.ui,3.2.3.v20100217-0100-e3x,"org.eclipse.mylyn.help.ui",1286082225375
stopped,bundle,org.eclipse.mylyn.tasks.bugs,3.2.3.v20100217-0100-e3x,"org.eclipse.mylyn.tasks.bugs",1286082225375
stopped,bundle,org.eclipse.mylyn.tasks.ui,3.2.3.v20100217-0100-e3x,"org.eclipse.mylyn.tasks.ui",1286082225375
stopped,bundle,org.eclipse.wst.dtd.ui,1.0.400.v200904300717,"org.eclipse.wst.dtd.ui",1286082225375
stopped,bundle,org.eclipse.wst.xsd.ui,1.2.204.v200909021537,"org.eclipse.wst.xsd.ui",1286082225377
stopped,bundle,org.eclipse.wst.xml.ui,1.1.2.v201001222130,"org.eclipse.wst.xml.ui",1286082225377
stopped,bundle,org.eclipse.wst.common.ui,1.1.402.v200901262305,"org.eclipse.wst.common.ui",1286082225378
stopped,bundle,org.eclipse.wst.sse.ui,1.1.102.v200910200227,"org.eclipse.wst.sse.ui",1286082225378
stopped,bundle,org.eclipse.search,3.5.1.r351_v20090708-0800,"org.eclipse.search",1286082225379
stopped,bundle,org.eclipse.ltk.ui.refactoring,3.4.101.r352_v20100209,"org.eclipse.ltk.ui.refactoring",1286082225379
stopped,bundle,org.eclipse.team.cvs.ui,3.3.202.r35x_20090930-0800,"org.eclipse.team.cvs.ui",1286082225379
stopped,bundle,org.eclipse.team.ui,3.5.0.I20090430-0408,"org.eclipse.team.ui",1286082225379
stopped,bundle,org.eclipse.compare,3.5.2.r35x_20100113-0800,"org.eclipse.compare",1286082225379
stopped,bundle,org.eclipse.ui.externaltools,3.2.0.v20090504,"org.eclipse.ui.externaltools",1286082225380
stopped,bundle,org.eclipse.debug.ui,3.5.2.v20091028_r352,"org.eclipse.debug.ui",1286082225380
stopped,bundle,org.eclipse.mylyn.wikitext.ui,1.1.3.v20100217-0100-e3x,"org.eclipse.mylyn.wikitext.ui",1286082225381
stopped,bundle,com.android.ide.eclipse.ddms,0.9.7.v201005071157-36220,"com.android.ide.eclipse.ddms",1286082225381
stopped,bundle,org.eclipse.ui.console,3.4.0.v20090513,"org.eclipse.ui.console",1286082225381
stopped,bundle,org.eclipse.mylyn.commons.ui,3.2.3.v20100217-0100-e3x,"org.eclipse.mylyn.commons.ui",1286082225381
activated,perspective,org.eclipse.jdt.ui,,"org.eclipse.jdt.ui.JavaPerspective",1286120043061
started,bundle,org.eclipse.osgi,3.5.2.R35x_v20100126,"org.eclipse.osgi",1286120043062
started,bundle,org.eclipse.equinox.simpleconfigurator,1.0.101.R35x_v20090807-1100,"org.eclipse.equinox.simpleconfigurator",1286120043063
started,bundle,com.ibm.icu,4.0.1.v20090822,"com.ibm.icu",1286120043063
started,bundle,org.eclipse.compare.core,3.5.0.I20090430-0408,"org.eclipse.compare.core",1286120043063
started,bundle,org.eclipse.core.contenttype,3.4.1.R35x_v20090826-0451,"org.eclipse.core.contenttype",1286120043064
started,bundle,org.eclipse.core.databinding.observable,1.2.0.M20090902-0800,"org.eclipse.core.databinding.observable",1286120043064
started,bundle,org.eclipse.core.expressions,3.4.101.R35x_v20100209,"org.eclipse.core.expressions",1286120043065
started,bundle,org.eclipse.core.filebuffers,3.5.0.v20090526-2000,"org.eclipse.core.filebuffers",1286120043065
started,bundle,org.eclipse.core.filesystem,1.2.1.R35x_v20091203-1235,"org.eclipse.core.filesystem",1286120043065
started,bundle,org.eclipse.core.jobs,3.4.100.v20090429-1800,"org.eclipse.core.jobs",1286120043066
started,bundle,org.eclipse.core.net,1.2.1.r35x_20090812-1200,"org.eclipse.core.net",1286120043066
started,bundle,org.eclipse.core.resources,3.5.2.R35x_v20091203-1235,"org.eclipse.core.resources",1286120043067
started,bundle,org.eclipse.core.runtime,3.5.0.v20090525,"org.eclipse.core.runtime",1286120043077
started,bundle,org.eclipse.core.runtime.compatibility,3.2.0.v20090413,"org.eclipse.core.runtime.compatibility",1286120043077
started,bundle,org.eclipse.core.runtime.compatibility.auth,3.2.100.v20090413,"org.eclipse.core.runtime.compatibility.auth",1286120043077
started,bundle,org.eclipse.core.variables,3.2.200.v20090521,"org.eclipse.core.variables",1286120043078
started,bundle,org.eclipse.debug.core,3.5.1.v20091103_r352,"org.eclipse.debug.core",1286120043078
started,bundle,org.eclipse.ecf,3.0.0.v20090831-1906,"org.eclipse.ecf",1286120043079
started,bundle,org.eclipse.ecf.filetransfer,3.0.0.v20090831-1906,"org.eclipse.ecf.filetransfer",1286120043079
started,bundle,org.eclipse.ecf.identity,3.0.0.v20090831-1906,"org.eclipse.ecf.identity",1286120043080
started,bundle,org.eclipse.ecf.provider.filetransfer,3.0.1.v20090831-1906,"org.eclipse.ecf.provider.filetransfer",1286120043080
started,bundle,org.eclipse.ecf.provider.filetransfer.httpclient,3.0.1.v20090831-1906,"org.eclipse.ecf.provider.filetransfer.httpclient",1286120043081
started,bundle,org.eclipse.epp.usagedata.gathering,1.1.1.R201001291118,"org.eclipse.epp.usagedata.gathering",1286120043081
started,bundle,org.eclipse.epp.usagedata.recording,1.1.1.R201001291118,"org.eclipse.epp.usagedata.recording",1286120043081
